customer_id,customer_name,email,signup_date,segment
1,Ines Anderson,ines.anderson1@example.com,08/08/2022,Wholesale
2,Elena Rossi,elena.rossi2@example.com,2022-08-31,Loyalty
3,Sam Jackson,sam.jackson3@example.com,2021-05-05,VIP
4,Ben White,ben.white4@example.com,2023-09-04,
5,Ben Thomas,ben.thomas5@example.com,2021-06-14,Loyalty
6,Tara Garcia,tara.garcia6@example.com,10/14/2024,Loyalty
7,Deepa White,deepa.white7@example.com,2022-05-20,
8,Tara Garcia,tara.garcia8@example.com,05/09/2023,
9,Diego Silva,diego.silva9@example.com,2022-02-23,VIP
10,Ines Wilson,ines.wilson10@example.com,09/26/2021,VIP
11,Kira Garcia,kira.garcia11@example.com,2021-01-20,Wholesale
12,Carlos Jackson,carlos.jackson12@example.com,03/13/2022,
13,Elena Chen,elena.chen13@example.com,05/21/2021,Loyalty
14,Jack Kim,jack.kim14@example.com,06/17/2023,
15,Tara Thomas,tara.thomas15@example.com,01/17/2021,
16,Diego Nguyen,diego.nguyen16@example.com,2021-10-03,VIP
17,Chloe Nguyen,chloe.nguyen17@example.com,02/08/2024,Loyalty
18,Jack Harris,jack.harris18@example.com,2022-03-08,VIP
19,Victor Silva,victor.silva19@example.com,11/02/2023,Wholesale
20,Chloe Smith,chloe.smith20@example.com,07/09/2021,Wholesale
21,Ben Khan,ben.khan21@example.com,11/15/2022,Loyalty
22,Farid Anderson,farid.anderson22@example.com,2024-02-04,Wholesale
23,Deepa Garcia,deepa.garcia23@example.com,2021-11-02,
24,Amelia Chen,amelia.chen24@example.com,2024-04-07,
25,Noah Patel,noah.patel25@example.com,03/27/2021,VIP
26,Chloe Smith,chloe.smith26@example.com,2023-01-03,Loyalty
27,Victor Nguyen,victor.nguyen27@example.com,12/26/2022,
28,Tara Patel,tara.patel28@example.com,2022-04-30,Loyalty
29,Chloe Martinez,chloe.martinez29@example.com,02/20/2021,Loyalty
30,Zane Martinez,zane.martinez30@example.com,10/03/2024,Loyalty
31,Farid Nguyen,farid.nguyen31@example.com,02/23/2023,Retail
32,Hiro Rossi,hiro.rossi32@example.com,08/01/2023,VIP
33,Amelia Muller,amelia.muller33@example.com,2022-04-02,Retail
34,Maya Lee,maya.lee34@example.com,07/25/2022,Retail
35,Liam Thomas,liam.thomas35@example.com,03/30/2023,
36,Aisha Nguyen,aisha.nguyen36@example.com,06/19/2022,Loyalty
37,Ben Nguyen,ben.nguyen37@example.com,05/06/2024,Wholesale
38,Xavier Lee,xavier.lee38@example.com,2023-06-13,
39,Maya White,maya.white39@example.com,2022-01-25,VIP
40,Wendy Martinez,wendy.martinez40@example.com,2021-01-04,
41,Liam Martinez,liam.martinez41@example.com,05/24/2021,VIP
42,Victor Nguyen,victor.nguyen42@example.com,09/08/2022,
43,Victor Martinez,victor.martinez43@example.com,10/31/2022,Wholesale
44,Rosa Patel,rosa.patel44@example.com,01/28/2022,Wholesale
45,Victor Kim,victor.kim45@example.com,06/14/2024,
46,Maya Jackson,maya.jackson46@example.com,01/01/2021,VIP
47,Grace Martinez,grace.martinez47@example.com,04/02/2024,
48,Omar Anderson,omar.anderson48@example.com,06/25/2023,Loyalty
49,Zane Kim,zane.kim49@example.com,09/11/2024,Retail
50,Quinn Harris,quinn.harris50@example.com,2022-11-18,Retail
51,Victor Brown,victor.brown51@example.com,2022-04-06,Loyalty
52,Aisha Smith,aisha.smith52@example.com,2022-05-17,Wholesale
53,Omar Martinez,omar.martinez53@example.com,2024-07-13,
54,Wendy Wilson,wendy.wilson54@example.com,2023-10-10,Wholesale
55,Elena Khan,elena.khan55@example.com,2021-08-07,Wholesale
56,Farid Thomas,farid.thomas56@example.com,2023-08-10,Retail
57,Diego Nguyen,diego.nguyen57@example.com,07/24/2023,Loyalty
58,Victor Thomas,victor.thomas58@example.com,02/19/2024,
59,Yara Anderson,yara.anderson59@example.com,06/08/2024,
60,Amelia Jackson,amelia.jackson60@example.com,07/03/2023,Loyalty
61,Omar Silva,omar.silva61@example.com,05/22/2022,VIP
62,Uma Muller,uma.muller62@example.com,2022-07-17,Wholesale
63,Wendy Brown,wendy.brown63@example.com,04/26/2022,VIP
64,Kira Jackson,kira.jackson64@example.com,2021-06-15,Loyalty
65,Hiro Wilson,hiro.wilson65@example.com,2021-11-09,Loyalty
66,Noah Martinez,noah.martinez66@example.com,11/09/2022,
67,Noah Smith,noah.smith67@example.com,02/28/2022,Wholesale
68,Chloe White,chloe.white68@example.com,02/10/2021,
69,Priya Khan,priya.khan69@example.com,12/22/2022,VIP
70,Blake Martinez,blake.martinez70@example.com,2024-01-08,
71,Priya Muller,priya.muller71@example.com,07/13/2022,Wholesale
72,Aisha Wilson,aisha.wilson72@example.com,2022-11-20,Wholesale
73,Amelia Anderson,amelia.anderson73@example.com,2021-09-19,
74,Diego Wilson,diego.wilson74@example.com,2024-04-27,
75,Carlos Martinez,carlos.martinez75@example.com,2021-10-05,Wholesale
76,Ben Silva,ben.silva76@example.com,2023-02-16,VIP
77,Omar Lee,omar.lee77@example.com,11/23/2022,Wholesale
78,Yara Martinez,yara.martinez78@example.com,06/01/2022,Retail
79,Aisha Jackson,aisha.jackson79@example.com,2021-04-17,VIP
80,Uma Garcia,uma.garcia80@example.com,2024-08-27,Retail
81,Hiro Rossi,hiro.rossi81@example.com,2021-02-11,
82,Hiro Patel,hiro.patel82@example.com,2023-08-28,Retail
83,Omar Silva,omar.silva83@example.com,2023-01-26,Loyalty
84,Yara Kim,yara.kim84@example.com,2022-09-30,Retail
85,Diego Brown,diego.brown85@example.com,03/25/2024,Wholesale
86,Wendy Rossi,wendy.rossi86@example.com,2021-06-05,
87,Deepa Brown,deepa.brown87@example.com,2024-05-14,Retail
88,Liam Jackson,liam.jackson88@example.com,2023-05-28,VIP
89,Quinn Lee,quinn.lee89@example.com,01/26/2021,Wholesale
90,Deepa Martinez,deepa.martinez90@example.com,2023-01-12,Wholesale
91,Noah Kim,noah.kim91@example.com,12/05/2023,VIP
92,Omar Martinez,omar.martinez92@example.com,04/28/2024,VIP
93,Blake Muller,blake.muller93@example.com,06/27/2021,VIP
94,Hiro Anderson,hiro.anderson94@example.com,03/13/2024,
95,Kira Khan,kira.khan95@example.com,2023-10-10,VIP
96,Priya Rossi,priya.rossi96@example.com,12/28/2022,VIP
97,Ines Harris,ines.harris97@example.com,2022-07-20,
98,Quinn Rossi,quinn.rossi98@example.com,06/25/2021,Loyalty
99,Priya Jackson,priya.jackson99@example.com,05/08/2022,Wholesale
100,Omar Khan,omar.khan100@example.com,2021-07-10,VIP
101,Maya Muller,maya.muller101@example.com,09/20/2022,
102,Priya Jackson,priya.jackson102@example.com,12/24/2023,VIP
103,Xavier Jackson,xavier.jackson103@example.com,11/09/2022,VIP
104,Ines Brown,ines.brown104@example.com,2022-05-30,Loyalty
105,Xavier Rossi,xavier.rossi105@example.com,2022-10-09,Retail
106,Grace Rossi,grace.rossi106@example.com,09/19/2023,VIP
107,Deepa Rossi,deepa.rossi107@example.com,08/30/2022,Loyalty
108,Farid Brown,farid.brown108@example.com,2021-01-29,
109,Ines Smith,ines.smith109@example.com,04/22/2021,
110,Wendy Patel,wendy.patel110@example.com,2024-07-30,Wholesale
111,Blake Khan,blake.khan111@example.com,03/21/2024,VIP
112,Priya Anderson,priya.anderson112@example.com,2022-11-29,Loyalty
113,Ines Taylor,ines.taylor113@example.com,08/22/2021,Retail
114,Priya Garcia,priya.garcia114@example.com,2024-03-27,Retail
115,Elena White,elena.white115@example.com,2022-09-15,Retail
116,Deepa Jackson,deepa.jackson116@example.com,2023-05-03,
117,Yara Thomas,yara.thomas117@example.com,02/19/2023,Wholesale
118,Jack White,jack.white118@example.com,2023-05-29,VIP
119,Tara Nguyen,tara.nguyen119@example.com,03/02/2022,Loyalty
120,Victor Garcia,victor.garcia120@example.com,2021-11-18,Loyalty
121,Rosa Garcia,rosa.garcia121@example.com,11/17/2021,Retail
122,Omar Harris,omar.harris122@example.com,2023-08-21,VIP
123,Hiro Brown,hiro.brown123@example.com,2022-08-03,Wholesale
124,Victor Muller,victor.muller124@example.com,2022-06-26,
125,Noah Nguyen,noah.nguyen125@example.com,2024-01-21,Loyalty
126,Diego Silva,diego.silva126@example.com,2021-10-19,Retail
127,Farid Brown,farid.brown127@example.com,05/03/2024,
128,Omar Nguyen,omar.nguyen128@example.com,08/18/2023,VIP
129,Ines Thomas,ines.thomas129@example.com,01/11/2024,Wholesale
130,Carlos Harris,carlos.harris130@example.com,03/23/2021,Wholesale
131,Tara Silva,tara.silva131@example.com,2021-02-22,Retail
132,Victor White,victor.white132@example.com,04/17/2024,Retail
133,Sam Smith,sam.smith133@example.com,12/25/2021,Wholesale
134,Diego Silva,diego.silva134@example.com,01/07/2022,
135,Uma Taylor,uma.taylor135@example.com,07/06/2021,Wholesale
136,Noah Lee,noah.lee136@example.com,2022-10-20,Retail
137,Kira Martinez,kira.martinez137@example.com,10/12/2023,VIP
138,Amelia Jackson,amelia.jackson138@example.com,2021-03-17,Wholesale
139,Kira Silva,kira.silva139@example.com,10/25/2022,Retail
140,Blake Thomas,blake.thomas140@example.com,01/03/2021,
141,Noah Smith,noah.smith141@example.com,01/20/2022,
142,Tara Taylor,tara.taylor142@example.com,2024-07-04,Wholesale
143,Grace Silva,grace.silva143@example.com,01/30/2024,Loyalty
144,Omar Taylor,omar.taylor144@example.com,2021-09-06,Retail
145,Wendy Kim,wendy.kim145@example.com,2022-09-29,
146,Rosa Martinez,rosa.martinez146@example.com,2021-07-10,Loyalty
147,Omar Nguyen,omar.nguyen147@example.com,08/19/2024,Loyalty
148,Diego Brown,diego.brown148@example.com,11/09/2023,VIP
149,Amelia Taylor,amelia.taylor149@example.com,08/26/2023,Loyalty
150,Rosa Patel,rosa.patel150@example.com,2023-02-25,Loyalty
151,Blake Garcia,blake.garcia151@example.com,07/20/2022,Wholesale
152,Diego Thomas,diego.thomas152@example.com,07/02/2022,Retail
153,Xavier Brown,xavier.brown153@example.com,04/17/2024,
154,Blake Patel,blake.patel154@example.com,07/04/2023,
155,Liam Lee,liam.lee155@example.com,02/05/2024,
156,Omar Lee,omar.lee156@example.com,01/22/2022,Loyalty
157,Hiro Martinez,hiro.martinez157@example.com,03/31/2021,VIP
158,Wendy Wilson,wendy.wilson158@example.com,03/02/2023,Loyalty
159,Ben Patel,ben.patel159@example.com,10/26/2023,
160,Blake Nguyen,blake.nguyen160@example.com,06/21/2023,Retail
161,Aisha Patel,aisha.patel161@example.com,2023-04-20,Loyalty
162,Priya Silva,priya.silva162@example.com,11/25/2022,
163,Uma Garcia,uma.garcia163@example.com,11/04/2022,
164,Kira Taylor,kira.taylor164@example.com,2024-01-14,Retail
165,Hiro Brown,hiro.brown165@example.com,04/11/2022,Retail
166,Deepa Nguyen,deepa.nguyen166@example.com,06/28/2023,Loyalty
167,Chloe Khan,chloe.khan167@example.com,2021-04-05,VIP
168,Jack Chen,jack.chen168@example.com,2023-02-07,Wholesale
169,Hiro Thomas,hiro.thomas169@example.com,2023-04-24,
170,Farid Kim,farid.kim170@example.com,06/11/2021,
171,Tara Muller,tara.muller171@example.com,2023-10-17,
172,Hiro Anderson,hiro.anderson172@example.com,07/30/2024,VIP
173,Ines Khan,ines.khan173@example.com,2023-08-11,VIP
174,Carlos Anderson,carlos.anderson174@example.com,12/09/2022,
175,Uma Martinez,uma.martinez175@example.com,05/28/2022,Wholesale
176,Grace Wilson,grace.wilson176@example.com,2023-09-17,Retail
177,Maya White,maya.white177@example.com,01/06/2023,
178,Wendy Brown,wendy.brown178@example.com,02/14/2021,Wholesale
179,Aisha White,aisha.white179@example.com,04/11/2021,
180,Amelia Brown,amelia.brown180@example.com,04/17/2022,
181,Hiro Rossi,hiro.rossi181@example.com,2024-06-25,VIP
182,Uma Nguyen,uma.nguyen182@example.com,07/09/2024,Retail
183,Zane Anderson,zane.anderson183@example.com,03/10/2021,
184,Xavier Patel,xavier.patel184@example.com,07/04/2021,VIP
185,Xavier Martinez,xavier.martinez185@example.com,2021-12-26,Loyalty
186,Zane Jackson,zane.jackson186@example.com,01/20/2023,
187,Amelia Kim,amelia.kim187@example.com,06/11/2022,Wholesale
188,Xavier Lee,xavier.lee188@example.com,2021-08-24,Wholesale
189,Elena Muller,elena.muller189@example.com,10/17/2024,Wholesale
190,Carlos Wilson,carlos.wilson190@example.com,2021-01-29,VIP
191,Omar Chen,omar.chen191@example.com,10/09/2024,VIP
192,Amelia Chen,amelia.chen192@example.com,08/10/2021,Loyalty
193,Aisha Harris,aisha.harris193@example.com,2024-02-24,VIP
194,Uma Garcia,uma.garcia194@example.com,07/25/2024,Wholesale
195,Uma Martinez,uma.martinez195@example.com,2021-08-27,Loyalty
196,Ben Brown,ben.brown196@example.com,2023-10-06,Retail
197,Hiro Jackson,hiro.jackson197@example.com,10/05/2021,Wholesale
198,Liam Jackson,liam.jackson198@example.com,2023-05-09,
199,Chloe Martinez,chloe.martinez199@example.com,09/03/2024,Retail
200,Tara Martinez,tara.martinez200@example.com,07/27/2022,Retail
201,Grace Anderson,grace.anderson201@example.com,06/30/2023,Loyalty
202,Deepa Chen,deepa.chen202@example.com,2024-01-21,VIP
203,Maya Silva,maya.silva203@example.com,01/24/2022,Retail
204,Carlos Rossi,carlos.rossi204@example.com,2024-08-07,
205,Ben Lee,ben.lee205@example.com,2022-05-14,Loyalty
206,Carlos Jackson,carlos.jackson206@example.com,2022-03-01,
207,Amelia Muller,amelia.muller207@example.com,2022-11-04,Loyalty
208,Ines Patel,ines.patel208@example.com,09/24/2021,
209,Zane Kim,zane.kim209@example.com,2021-08-14,Retail
210,Aisha Chen,aisha.chen210@example.com,05/03/2022,
211,Aisha Kim,aisha.kim211@example.com,2022-06-28,Retail
212,Xavier Martinez,xavier.martinez212@example.com,2023-12-14,Retail
213,Priya Anderson,priya.anderson213@example.com,2023-01-12,
214,Omar Thomas,omar.thomas214@example.com,2022-03-30,
215,Xavier Thomas,xavier.thomas215@example.com,2022-09-10,Wholesale
216,Ben Taylor,ben.taylor216@example.com,2023-04-03,Wholesale
217,Priya Anderson,priya.anderson217@example.com,05/31/2021,Retail
218,Tara Patel,tara.patel218@example.com,05/15/2021,Loyalty
219,Tara White,tara.white219@example.com,01/29/2024,VIP
220,Tara Thomas,tara.thomas220@example.com,08/27/2022,Wholesale
221,Deepa Nguyen,deepa.nguyen221@example.com,2024-09-02,
222,Noah Anderson,noah.anderson222@example.com,04/13/2022,Wholesale
223,Amelia Anderson,amelia.anderson223@example.com,2023-03-28,Wholesale
224,Kira Martinez,kira.martinez224@example.com,10/03/2022,VIP
225,Elena Taylor,elena.taylor225@example.com,2021-05-18,Retail
226,Carlos Martinez,carlos.martinez226@example.com,2021-07-17,VIP
227,Rosa Smith,rosa.smith227@example.com,04/16/2024,
228,Victor Nguyen,victor.nguyen228@example.com,04/22/2023,VIP
229,Blake Smith,blake.smith229@example.com,08/13/2022,
230,Liam Nguyen,liam.nguyen230@example.com,2024-03-29,
231,Elena Taylor,elena.taylor231@example.com,04/05/2022,Retail
232,Blake Jackson,blake.jackson232@example.com,01/23/2023,Retail
233,Sam Muller,sam.muller233@example.com,2023-05-29,
234,Tara Silva,tara.silva234@example.com,03/01/2021,Loyalty
235,Wendy Brown,wendy.brown235@example.com,2022-11-27,VIP
236,Farid Patel,farid.patel236@example.com,2024-03-05,Wholesale
237,Elena Khan,elena.khan237@example.com,2021-07-07,
238,Maya Martinez,maya.martinez238@example.com,2023-07-19,VIP
239,Liam Brown,liam.brown239@example.com,2022-10-27,
240,Chloe Smith,chloe.smith240@example.com,2021-11-15,Loyalty
241,Victor Garcia,victor.garcia241@example.com,07/12/2022,Wholesale
242,Priya Harris,priya.harris242@example.com,06/25/2023,Wholesale
243,Grace Thomas,grace.thomas243@example.com,08/22/2021,VIP
244,Deepa Brown,deepa.brown244@example.com,10/20/2024,
245,Quinn Brown,quinn.brown245@example.com,04/04/2021,Loyalty
246,Tara Smith,tara.smith246@example.com,01/16/2021,Loyalty
247,Grace Patel,grace.patel247@example.com,06/08/2022,VIP
248,Deepa Khan,deepa.khan248@example.com,2023-10-16,Wholesale
249,Elena Wilson,elena.wilson249@example.com,12/27/2023,Loyalty
250,Carlos Wilson,carlos.wilson250@example.com,2021-03-28,Wholesale
251,Omar Garcia,omar.garcia251@example.com,10/04/2022,
252,Sam Wilson,sam.wilson252@example.com,08/04/2024,Wholesale
253,Deepa Wilson,deepa.wilson253@example.com,2021-02-12,VIP
254,Zane Harris,zane.harris254@example.com,2023-08-01,VIP
255,Noah Nguyen,noah.nguyen255@example.com,05/14/2022,Wholesale
256,Quinn Garcia,quinn.garcia256@example.com,03/22/2023,VIP
257,Hiro Lee,hiro.lee257@example.com,2021-12-11,Retail
258,Quinn Thomas,quinn.thomas258@example.com,02/02/2022,VIP
259,Xavier Patel,xavier.patel259@example.com,2022-04-29,Retail
260,Ines Rossi,ines.rossi260@example.com,2021-12-22,
261,Yara Garcia,yara.garcia261@example.com,12/29/2021,Wholesale
262,Yara White,yara.white262@example.com,04/01/2024,Wholesale
263,Blake Lee,blake.lee263@example.com,2021-11-06,Wholesale
264,Priya Anderson,priya.anderson264@example.com,07/17/2024,VIP
265,Sam Smith,sam.smith265@example.com,2022-12-22,
266,Jack Anderson,jack.anderson266@example.com,2023-07-15,Retail
267,Liam Brown,liam.brown267@example.com,06/07/2021,Retail
268,Omar White,omar.white268@example.com,02/10/2024,Retail
269,Diego White,diego.white269@example.com,08/27/2024,Loyalty
270,Tara Taylor,tara.taylor270@example.com,2023-10-24,Loyalty
271,Omar Nguyen,omar.nguyen271@example.com,2022-12-05,Retail
272,Ben Muller,ben.muller272@example.com,2023-06-16,Wholesale
273,Liam Chen,liam.chen273@example.com,08/03/2022,Wholesale
274,Yara Lee,yara.lee274@example.com,2024-10-22,
275,Zane Lee,zane.lee275@example.com,2021-05-15,VIP
276,Rosa Wilson,rosa.wilson276@example.com,2022-08-05,VIP
277,Kira Garcia,kira.garcia277@example.com,04/08/2024,Loyalty
278,Jack Wilson,jack.wilson278@example.com,2021-09-22,
279,Jack Jackson,jack.jackson279@example.com,2023-02-11,VIP
280,Victor Thomas,victor.thomas280@example.com,07/11/2021,Wholesale
281,Aisha Chen,aisha.chen281@example.com,2022-09-25,Loyalty
282,Kira Taylor,kira.taylor282@example.com,2022-01-29,Loyalty
283,Elena Garcia,elena.garcia283@example.com,2022-08-29,Retail
284,Victor Lee,victor.lee284@example.com,06/19/2024,Loyalty
285,Elena Kim,elena.kim285@example.com,2022-01-06,
286,Xavier Anderson,xavier.anderson286@example.com,03/31/2021,Wholesale
287,Victor Muller,victor.muller287@example.com,06/29/2023,
288,Yara Anderson,yara.anderson288@example.com,2022-04-25,
289,Jack Taylor,jack.taylor289@example.com,02/02/2022,VIP
290,Omar Brown,omar.brown290@example.com,02/22/2023,
291,Farid Rossi,farid.rossi291@example.com,05/23/2024,Loyalty
292,Ben Taylor,ben.taylor292@example.com,2023-01-31,
293,Wendy Thomas,wendy.thomas293@example.com,2021-09-13,VIP
294,Yara Kim,yara.kim294@example.com,2022-07-13,Wholesale
295,Amelia Martinez,amelia.martinez295@example.com,07/07/2021,Loyalty
296,Chloe Chen,chloe.chen296@example.com,2021-02-24,Wholesale
297,Maya Thomas,maya.thomas297@example.com,02/05/2023,Loyalty
298,Carlos Chen,carlos.chen298@example.com,04/05/2022,Retail
299,Diego Nguyen,diego.nguyen299@example.com,2024-08-24,VIP
300,Elena Smith,elena.smith300@example.com,2022-08-11,Wholesale
301,Yara Taylor,yara.taylor301@example.com,2023-07-08,
302,Chloe Garcia,chloe.garcia302@example.com,2021-02-08,VIP
303,Amelia Patel,amelia.patel303@example.com,01/29/2024,
304,Deepa Brown,deepa.brown304@example.com,2022-05-02,VIP
305,Ben Muller,ben.muller305@example.com,05/10/2023,
306,Carlos Nguyen,carlos.nguyen306@example.com,2023-10-21,
307,Uma Thomas,uma.thomas307@example.com,2024-03-23,Loyalty
308,Jack Martinez,jack.martinez308@example.com,01/04/2021,
309,Hiro White,hiro.white309@example.com,2023-05-04,Loyalty
310,Quinn Chen,quinn.chen310@example.com,2021-05-19,
311,Maya Taylor,maya.taylor311@example.com,03/31/2021,Wholesale
312,Ines Khan,ines.khan312@example.com,01/02/2023,Retail
313,Hiro Nguyen,hiro.nguyen313@example.com,2024-04-06,VIP
314,Ben Chen,ben.chen314@example.com,2024-01-24,VIP
315,Amelia Anderson,amelia.anderson315@example.com,2023-09-08,Loyalty
316,Carlos Anderson,carlos.anderson316@example.com,2021-03-17,VIP
317,Ben Rossi,ben.rossi317@example.com,03/27/2021,VIP
318,Quinn Wilson,quinn.wilson318@example.com,01/18/2024,Wholesale
319,Ben Rossi,ben.rossi319@example.com,2022-08-09,VIP
320,Blake Lee,blake.lee320@example.com,07/14/2022,Retail
321,Noah Wilson,noah.wilson321@example.com,06/20/2023,Wholesale
322,Farid Taylor,farid.taylor322@example.com,10/16/2023,VIP
323,Zane Garcia,zane.garcia323@example.com,05/20/2023,Retail
324,Tara Kim,tara.kim324@example.com,01/23/2024,VIP
325,Deepa Garcia,deepa.garcia325@example.com,11/03/2022,VIP
326,Omar Harris,omar.harris326@example.com,05/23/2023,Loyalty
327,Liam Anderson,liam.anderson327@example.com,03/28/2021,VIP
328,Ines Smith,ines.smith328@example.com,06/03/2021,Wholesale
329,Quinn Kim,quinn.kim329@example.com,03/05/2021,Loyalty
330,Ben Patel,ben.patel330@example.com,05/18/2021,Loyalty
331,Liam Wilson,liam.wilson331@example.com,2024-03-07,Retail
332,Victor Anderson,victor.anderson332@example.com,01/30/2023,VIP
333,Yara Garcia,yara.garcia333@example.com,03/21/2024,Loyalty
334,Maya Lee,maya.lee334@example.com,2024-08-23,VIP
335,Deepa Khan,deepa.khan335@example.com,01/17/2022,Wholesale
336,Diego Jackson,diego.jackson336@example.com,08/30/2021,VIP
337,Wendy Anderson,wendy.anderson337@example.com,03/16/2022,
338,Wendy Taylor,wendy.taylor338@example.com,2022-02-14,Retail
339,Blake Garcia,blake.garcia339@example.com,07/15/2023,Loyalty
340,Carlos Lee,carlos.lee340@example.com,2024-09-29,VIP
341,Rosa Jackson,rosa.jackson341@example.com,2022-08-18,VIP
342,Wendy Kim,wendy.kim342@example.com,2023-01-11,
343,Deepa Rossi,deepa.rossi343@example.com,10/12/2021,Loyalty
344,Aisha Chen,aisha.chen344@example.com,02/09/2024,
345,Omar Jackson,omar.jackson345@example.com,2021-09-23,
346,Carlos Brown,carlos.brown346@example.com,03/27/2023,Wholesale
347,Yara Martinez,yara.martinez347@example.com,2024-03-23,Retail
348,Kira Garcia,kira.garcia348@example.com,07/11/2023,Wholesale
349,Elena Jackson,elena.jackson349@example.com,2024-08-03,
350,Yara Patel,yara.patel350@example.com,2023-06-06,
351,Amelia Nguyen,amelia.nguyen351@example.com,11/28/2023,Loyalty
352,Farid Kim,farid.kim352@example.com,10/23/2022,Loyalty
353,Quinn Brown,quinn.brown353@example.com,2021-06-11,VIP
354,Uma Jackson,uma.jackson354@example.com,07/17/2022,Loyalty
355,Tara Jackson,tara.jackson355@example.com,2021-07-11,
356,Sam White,sam.white356@example.com,11/12/2021,Loyalty
357,Amelia White,amelia.white357@example.com,2021-03-26,Retail
358,Ben White,ben.white358@example.com,06/27/2022,Loyalty
359,Tara Khan,tara.khan359@example.com,10/17/2023,
360,Uma Brown,uma.brown360@example.com,09/17/2023,Loyalty
361,Jack Anderson,jack.anderson361@example.com,2021-05-30,Retail
362,Omar Martinez,omar.martinez362@example.com,2023-09-19,Wholesale
363,Kira Harris,kira.harris363@example.com,10/22/2021,VIP
364,Xavier Chen,xavier.chen364@example.com,03/28/2023,Loyalty
365,Quinn Jackson,quinn.jackson365@example.com,2021-08-06,VIP
366,Omar Nguyen,omar.nguyen366@example.com,2022-07-02,Wholesale
367,Elena Nguyen,elena.nguyen367@example.com,04/14/2021,VIP
368,Blake Harris,blake.harris368@example.com,2023-05-07,Loyalty
369,Amelia Lee,amelia.lee369@example.com,2024-03-29,VIP
370,Yara Kim,yara.kim370@example.com,10/18/2023,
371,Priya Brown,priya.brown371@example.com,2023-10-16,Retail
372,Maya Thomas,maya.thomas372@example.com,2023-07-26,Loyalty
373,Sam Chen,sam.chen373@example.com,04/10/2021,Retail
374,Priya Harris,priya.harris374@example.com,09/01/2024,Wholesale
375,Rosa Khan,rosa.khan375@example.com,2021-08-09,Wholesale
376,Chloe Silva,chloe.silva376@example.com,01/20/2023,Wholesale
377,Ben Wilson,ben.wilson377@example.com,2021-04-15,
378,Liam Jackson,liam.jackson378@example.com,08/15/2022,Retail
379,Quinn Anderson,quinn.anderson379@example.com,2024-02-01,VIP
380,Elena Nguyen,elena.nguyen380@example.com,03/18/2023,VIP
381,Rosa Chen,rosa.chen381@example.com,10/23/2021,Loyalty
382,Quinn Smith,quinn.smith382@example.com,2021-04-03,Retail
383,Wendy Lee,wendy.lee383@example.com,08/29/2023,
384,Elena Harris,elena.harris384@example.com,11/22/2023,Loyalty
385,Diego Harris,diego.harris385@example.com,10/15/2022,Loyalty
386,Tara Brown,tara.brown386@example.com,04/30/2024,VIP
387,Wendy White,wendy.white387@example.com,2022-09-06,Wholesale
388,Liam Lee,liam.lee388@example.com,10/11/2024,Retail
389,Sam Brown,sam.brown389@example.com,07/12/2024,Retail
390,Ines White,ines.white390@example.com,2024-03-28,Loyalty
391,Sam Taylor,sam.taylor391@example.com,12/16/2021,
392,Elena Muller,elena.muller392@example.com,2021-03-06,
393,Grace Khan,grace.khan393@example.com,06/23/2023,VIP
394,Elena Martinez,elena.martinez394@example.com,02/22/2022,Wholesale
395,Blake Smith,blake.smith395@example.com,2021-10-10,
396,Rosa Lee,rosa.lee396@example.com,09/18/2024,Wholesale
397,Kira Kim,kira.kim397@example.com,07/31/2023,
398,Rosa Chen,rosa.chen398@example.com,10/16/2024,VIP
399,Grace Muller,grace.muller399@example.com,07/26/2022,
400,Hiro Brown,hiro.brown400@example.com,08/15/2022,Loyalty
401,Kira Taylor,kira.taylor401@example.com,12/16/2022,
402,Jack Nguyen,jack.nguyen402@example.com,03/20/2024,
403,Chloe Wilson,chloe.wilson403@example.com,12/08/2022,Loyalty
404,Ben Brown,ben.brown404@example.com,06/11/2021,VIP
405,Uma Silva,uma.silva405@example.com,2023-09-09,Loyalty
406,Amelia Jackson,amelia.jackson406@example.com,07/10/2022,
407,Elena Nguyen,elena.nguyen407@example.com,2024-06-14,
408,Hiro Smith,hiro.smith408@example.com,2024-10-03,
409,Uma Muller,uma.muller409@example.com,04/18/2021,Retail
410,Kira Taylor,kira.taylor410@example.com,2021-07-25,Loyalty
411,Rosa Kim,rosa.kim411@example.com,04/14/2023,Wholesale
412,Uma Rossi,uma.rossi412@example.com,08/12/2022,VIP
413,Uma Smith,uma.smith413@example.com,2021-07-03,
414,Rosa Smith,rosa.smith414@example.com,2021-12-25,Wholesale
415,Diego Smith,diego.smith415@example.com,2023-03-25,Wholesale
416,Diego Brown,diego.brown416@example.com,03/18/2021,Retail
417,Sam Harris,sam.harris417@example.com,08/08/2021,VIP
418,Omar Jackson,omar.jackson418@example.com,2023-12-10,Wholesale
419,Blake Thomas,blake.thomas419@example.com,2023-08-17,VIP
420,Zane Nguyen,zane.nguyen420@example.com,11/09/2022,Loyalty
421,Uma Silva,uma.silva421@example.com,01/17/2022,Retail
422,Zane Brown,zane.brown422@example.com,2024-03-08,Loyalty
423,Tara Wilson,tara.wilson423@example.com,05/26/2023,
424,Carlos Wilson,carlos.wilson424@example.com,2024-10-02,Retail
425,Elena Taylor,elena.taylor425@example.com,2022-10-25,Loyalty
426,Ines Wilson,ines.wilson426@example.com,04/28/2022,Wholesale
427,Kira Brown,kira.brown427@example.com,2024-04-07,
428,Ines Chen,ines.chen428@example.com,2022-04-29,Retail
429,Omar Brown,omar.brown429@example.com,11/24/2021,Wholesale
430,Wendy Nguyen,wendy.nguyen430@example.com,08/01/2024,VIP
431,Tara Muller,tara.muller431@example.com,03/25/2022,Loyalty
432,Elena Anderson,elena.anderson432@example.com,05/25/2024,VIP
433,Wendy Jackson,wendy.jackson433@example.com,2023-08-23,
434,Yara Muller,yara.muller434@example.com,2024-10-25,
435,Quinn Anderson,quinn.anderson435@example.com,2023-12-18,VIP
436,Diego White,diego.white436@example.com,2021-08-18,Retail
437,Sam Jackson,sam.jackson437@example.com,11/03/2021,Loyalty
438,Blake Thomas,blake.thomas438@example.com,2023-06-24,Retail
439,Wendy White,wendy.white439@example.com,09/29/2023,Retail
440,Zane Smith,zane.smith440@example.com,07/18/2023,Loyalty
441,Omar White,omar.white441@example.com,04/29/2021,
442,Victor Brown,victor.brown442@example.com,02/14/2021,Wholesale
443,Amelia Khan,amelia.khan443@example.com,2022-03-23,
444,Ben Martinez,ben.martinez444@example.com,2022-12-07,Retail
445,Diego Garcia,diego.garcia445@example.com,08/25/2023,Retail
446,Noah Kim,noah.kim446@example.com,10/05/2021,Wholesale
447,Chloe Wilson,chloe.wilson447@example.com,07/08/2023,Wholesale
448,Carlos Jackson,carlos.jackson448@example.com,2021-09-30,VIP
449,Farid Jackson,farid.jackson449@example.com,2023-03-16,
450,Xavier Muller,xavier.muller450@example.com,01/08/2021,Retail
451,Omar Jackson,omar.jackson451@example.com,05/19/2023,
452,Amelia Muller,amelia.muller452@example.com,05/22/2022,Wholesale
453,Elena Silva,elena.silva453@example.com,2022-01-22,Retail
454,Zane Martinez,zane.martinez454@example.com,2024-06-13,Retail
455,Grace Garcia,grace.garcia455@example.com,2021-07-26,
456,Omar Harris,omar.harris456@example.com,2024-10-08,Retail
457,Xavier Smith,xavier.smith457@example.com,2023-04-04,Wholesale
458,Rosa Rossi,rosa.rossi458@example.com,04/26/2021,Loyalty
459,Hiro White,hiro.white459@example.com,10/16/2022,
460,Hiro Brown,hiro.brown460@example.com,2021-10-21,
461,Noah Brown,noah.brown461@example.com,2022-07-18,Retail
462,Uma Martinez,uma.martinez462@example.com,2024-02-13,Wholesale
463,Liam Wilson,liam.wilson463@example.com,12/11/2023,VIP
464,Noah Patel,noah.patel464@example.com,2022-09-07,Wholesale
465,Yara Jackson,yara.jackson465@example.com,2023-08-28,Loyalty
466,Jack Patel,jack.patel466@example.com,08/07/2023,Retail
467,Noah Jackson,noah.jackson467@example.com,12/22/2023,Loyalty
468,Hiro Silva,hiro.silva468@example.com,2022-02-21,VIP
469,Diego Anderson,diego.anderson469@example.com,2023-01-30,Retail
470,Ben Silva,ben.silva470@example.com,2023-02-12,
471,Blake Garcia,blake.garcia471@example.com,2022-01-21,
472,Priya Rossi,priya.rossi472@example.com,2022-11-13,VIP
473,Grace Rossi,grace.rossi473@example.com,2021-08-29,Wholesale
474,Wendy Harris,wendy.harris474@example.com,2022-02-23,Wholesale
475,Rosa Lee,rosa.lee475@example.com,08/03/2022,Wholesale
476,Rosa Chen,rosa.chen476@example.com,09/24/2022,VIP
477,Quinn Taylor,quinn.taylor477@example.com,08/13/2023,Retail
478,Yara Lee,yara.lee478@example.com,02/21/2022,VIP
479,Noah Smith,noah.smith479@example.com,2024-02-27,Loyalty
480,Aisha Silva,aisha.silva480@example.com,02/08/2024,
481,Jack Patel,jack.patel481@example.com,2022-02-06,VIP
482,Maya White,maya.white482@example.com,05/19/2022,Wholesale
483,Ines Taylor,ines.taylor483@example.com,08/07/2024,Wholesale
484,Farid Chen,farid.chen484@example.com,12/13/2021,Loyalty
485,Farid Jackson,farid.jackson485@example.com,2024-08-07,Retail
486,Amelia Garcia,amelia.garcia486@example.com,2024-09-30,Retail
487,Noah Patel,noah.patel487@example.com,2024-07-15,Loyalty
488,Wendy Patel,wendy.patel488@example.com,01/19/2021,Loyalty
489,Liam Smith,liam.smith489@example.com,06/19/2024,
490,Victor Taylor,victor.taylor490@example.com,02/02/2021,Retail
491,Aisha Khan,aisha.khan491@example.com,12/21/2023,VIP
492,Aisha Thomas,aisha.thomas492@example.com,2024-10-12,Wholesale
493,Deepa Nguyen,deepa.nguyen493@example.com,2023-12-10,Loyalty
494,Grace Harris,grace.harris494@example.com,12/15/2023,VIP
495,Ines Wilson,ines.wilson495@example.com,06/11/2021,VIP
496,Omar White,omar.white496@example.com,05/14/2022,Loyalty
497,Victor Garcia,victor.garcia497@example.com,2024-08-31,Retail
498,Maya Wilson,maya.wilson498@example.com,02/12/2023,
499,Ben Khan,ben.khan499@example.com,12/17/2021,Retail
500,Blake Martinez,blake.martinez500@example.com,2024-08-13,VIP
501,Chloe Thomas,chloe.thomas501@example.com,2021-03-29,Loyalty
502,Chloe White,chloe.white502@example.com,2023-09-01,VIP
503,Diego Garcia,diego.garcia503@example.com,2022-07-29,
504,Farid Lee,farid.lee504@example.com,2021-02-02,Loyalty
505,Yara Wilson,yara.wilson505@example.com,2021-06-07,VIP
506,Sam Muller,sam.muller506@example.com,03/06/2024,Wholesale
507,Maya Patel,maya.patel507@example.com,06/10/2021,
508,Ben Nguyen,ben.nguyen508@example.com,2023-06-15,Loyalty
509,Kira Harris,kira.harris509@example.com,06/11/2024,
510,Yara Lee,yara.lee510@example.com,03/02/2021,VIP
511,Priya Muller,priya.muller511@example.com,12/30/2022,
512,Noah Kim,noah.kim512@example.com,10/24/2024,
513,Carlos Harris,carlos.harris513@example.com,2022-08-28,Loyalty
514,Carlos Silva,carlos.silva514@example.com,2021-11-12,Wholesale
515,Xavier Wilson,xavier.wilson515@example.com,2022-10-11,VIP
516,Carlos Khan,carlos.khan516@example.com,09/24/2022,Wholesale
517,Yara Silva,yara.silva517@example.com,2021-07-29,Loyalty
518,Farid Martinez,farid.martinez518@example.com,07/09/2023,
519,Deepa Khan,deepa.khan519@example.com,2021-07-03,VIP
520,Tara Harris,tara.harris520@example.com,2022-10-27,Wholesale
521,Jack Martinez,jack.martinez521@example.com,2023-03-06,Retail
522,Sam Thomas,sam.thomas522@example.com,2021-12-14,Wholesale
523,Elena Silva,elena.silva523@example.com,09/09/2022,VIP
524,Elena Garcia,elena.garcia524@example.com,12/09/2021,Wholesale
525,Noah Brown,noah.brown525@example.com,09/19/2023,Retail
526,Ines Muller,ines.muller526@example.com,2024-07-04,Wholesale
527,Omar Nguyen,omar.nguyen527@example.com,2021-10-05,VIP
528,Maya Lee,maya.lee528@example.com,06/24/2024,Wholesale
529,Omar Lee,omar.lee529@example.com,2023-06-01,
530,Jack Lee,jack.lee530@example.com,05/20/2024,Loyalty
531,Kira Kim,kira.kim531@example.com,03/27/2023,VIP
532,Xavier Taylor,xavier.taylor532@example.com,03/25/2024,Loyalty
533,Maya Silva,maya.silva533@example.com,2023-03-16,VIP
534,Diego White,diego.white534@example.com,2022-02-14,
535,Victor Jackson,victor.jackson535@example.com,2021-02-25,Wholesale
536,Omar Brown,omar.brown536@example.com,05/22/2021,Wholesale
537,Elena Brown,elena.brown537@example.com,2022-05-11,VIP
538,Wendy Martinez,wendy.martinez538@example.com,02/12/2023,Retail
539,Tara Taylor,tara.taylor539@example.com,04/07/2024,Wholesale
540,Rosa Smith,rosa.smith540@example.com,2023-01-07,
541,Deepa Muller,deepa.muller541@example.com,2024-09-08,VIP
542,Uma Harris,uma.harris542@example.com,04/01/2021,
543,Yara Lee,yara.lee543@example.com,2023-06-01,Retail
544,Deepa Silva,deepa.silva544@example.com,2022-03-31,
545,Omar Chen,omar.chen545@example.com,2023-03-13,Wholesale
546,Liam Khan,liam.khan546@example.com,09/16/2023,Retail
547,Noah Garcia,noah.garcia547@example.com,08/26/2021,Loyalty
548,Jack Lee,jack.lee548@example.com,07/22/2023,Loyalty
549,Liam Taylor,liam.taylor549@example.com,07/19/2021,Wholesale
550,Kira Garcia,kira.garcia550@example.com,2022-09-07,Retail
551,Aisha Lee,aisha.lee551@example.com,2024-08-20,Retail
552,Diego Muller,diego.muller552@example.com,2023-11-23,Loyalty
553,Kira Jackson,kira.jackson553@example.com,2023-05-24,Wholesale
554,Zane Wilson,zane.wilson554@example.com,2024-07-13,Loyalty
555,Uma Martinez,uma.martinez555@example.com,2023-03-22,Retail
556,Omar White,omar.white556@example.com,2023-05-30,Wholesale
557,Wendy Rossi,wendy.rossi557@example.com,2022-02-26,VIP
558,Sam Nguyen,sam.nguyen558@example.com,01/05/2024,Loyalty
559,Kira Rossi,kira.rossi559@example.com,07/27/2023,Retail
560,Victor Taylor,victor.taylor560@example.com,12/17/2023,VIP
561,Tara Wilson,tara.wilson561@example.com,04/17/2024,Retail
562,Liam Anderson,liam.anderson562@example.com,06/18/2024,Loyalty
563,Diego Harris,diego.harris563@example.com,2024-04-23,Retail
564,Kira Nguyen,kira.nguyen564@example.com,2022-05-04,VIP
565,Farid Chen,farid.chen565@example.com,10/17/2021,
566,Noah Harris,noah.harris566@example.com,10/10/2021,
567,Noah Kim,noah.kim567@example.com,2023-09-24,
568,Rosa Kim,rosa.kim568@example.com,2023-09-30,VIP
569,Farid Lee,farid.lee569@example.com,2023-07-13,
570,Blake Chen,blake.chen570@example.com,2021-01-20,Wholesale
571,Grace Wilson,grace.wilson571@example.com,02/25/2024,
572,Noah Taylor,noah.taylor572@example.com,05/02/2023,Wholesale
573,Farid Garcia,farid.garcia573@example.com,2024-03-03,Retail
574,Jack Smith,jack.smith574@example.com,07/17/2022,Loyalty
575,Farid Anderson,farid.anderson575@example.com,2024-03-04,Wholesale
576,Sam Nguyen,sam.nguyen576@example.com,07/03/2022,
577,Rosa Smith,rosa.smith577@example.com,2023-06-23,
578,Noah Nguyen,noah.nguyen578@example.com,08/31/2024,Loyalty
579,Blake Smith,blake.smith579@example.com,07/11/2023,VIP
580,Blake Garcia,blake.garcia580@example.com,2023-06-19,Retail
581,Grace White,grace.white581@example.com,12/20/2022,
582,Farid Harris,farid.harris582@example.com,2021-10-13,Loyalty
583,Zane Smith,zane.smith583@example.com,03/13/2024,VIP
584,Tara Jackson,tara.jackson584@example.com,12/11/2021,VIP
585,Jack White,jack.white585@example.com,2022-07-02,
586,Elena Martinez,elena.martinez586@example.com,2021-05-02,VIP
587,Wendy Patel,wendy.patel587@example.com,05/27/2022,Loyalty
588,Amelia Muller,amelia.muller588@example.com,10/16/2024,Wholesale
589,Elena White,elena.white589@example.com,07/19/2024,VIP
590,Maya Anderson,maya.anderson590@example.com,06/04/2021,Retail
591,Quinn Silva,quinn.silva591@example.com,01/26/2023,Wholesale
592,Kira White,kira.white592@example.com,01/06/2021,Retail
593,Uma Chen,uma.chen593@example.com,05/10/2021,
594,Grace Martinez,grace.martinez594@example.com,03/10/2022,Wholesale
595,Kira Brown,kira.brown595@example.com,2022-11-23,
596,Sam Taylor,sam.taylor596@example.com,2022-12-05,Retail
597,Deepa Anderson,deepa.anderson597@example.com,2021-02-03,Retail
598,Omar Anderson,omar.anderson598@example.com,2021-01-02,Wholesale
599,Wendy Patel,wendy.patel599@example.com,2024-08-24,VIP
600,Blake Silva,blake.silva600@example.com,07/11/2021,VIP
601,Carlos Chen,carlos.chen601@example.com,2024-09-22,Loyalty
602,Maya Brown,maya.brown602@example.com,2022-04-25,Wholesale
603,Wendy Nguyen,wendy.nguyen603@example.com,01/03/2021,Loyalty
604,Carlos Patel,carlos.patel604@example.com,04/30/2024,Loyalty
605,Aisha Khan,aisha.khan605@example.com,12/05/2022,Retail
606,Wendy Patel,wendy.patel606@example.com,2023-09-06,Retail
607,Maya Garcia,maya.garcia607@example.com,07/29/2021,Retail
608,Liam Brown,liam.brown608@example.com,2021-10-08,Wholesale
609,Uma Patel,uma.patel609@example.com,2021-05-21,
610,Tara Kim,tara.kim610@example.com,2023-06-21,VIP
611,Uma Patel,uma.patel611@example.com,04/24/2023,
612,Blake Rossi,blake.rossi612@example.com,2021-06-27,Retail
613,Yara Nguyen,yara.nguyen613@example.com,04/22/2024,Wholesale
614,Noah Lee,noah.lee614@example.com,10/14/2021,Loyalty
615,Uma Garcia,uma.garcia615@example.com,05/24/2022,
616,Yara Khan,yara.khan616@example.com,2024-09-10,VIP
617,Quinn Harris,quinn.harris617@example.com,11/10/2023,Loyalty
618,Jack Smith,jack.smith618@example.com,05/06/2022,Wholesale
619,Deepa Muller,deepa.muller619@example.com,2023-10-21,
620,Quinn Khan,quinn.khan620@example.com,2023-01-10,VIP
621,Maya White,maya.white621@example.com,2023-05-12,VIP
622,Yara Taylor,yara.taylor622@example.com,2021-05-30,Retail
623,Aisha Silva,aisha.silva623@example.com,2022-03-18,Retail
624,Zane Wilson,zane.wilson624@example.com,11/04/2023,VIP
625,Noah Wilson,noah.wilson625@example.com,2021-06-18,
626,Ines Garcia,ines.garcia626@example.com,2022-09-27,Retail
627,Zane Patel,zane.patel627@example.com,01/04/2024,VIP
628,Sam Garcia,sam.garcia628@example.com,2022-09-28,Wholesale
629,Ben Muller,ben.muller629@example.com,2021-06-26,Wholesale
630,Omar Harris,omar.harris630@example.com,05/31/2024,Retail
631,Victor Kim,victor.kim631@example.com,2021-09-02,Retail
632,Wendy Khan,wendy.khan632@example.com,12/02/2021,Wholesale
633,Quinn Thomas,quinn.thomas633@example.com,06/15/2022,Loyalty
634,Elena Silva,elena.silva634@example.com,08/30/2021,Retail
635,Zane Martinez,zane.martinez635@example.com,2022-07-12,
636,Ines White,ines.white636@example.com,07/09/2024,Retail
637,Omar Thomas,omar.thomas637@example.com,01/08/2023,Retail
638,Blake White,blake.white638@example.com,2021-12-08,VIP
639,Ines Nguyen,ines.nguyen639@example.com,2024-03-21,Retail
640,Xavier Thomas,xavier.thomas640@example.com,2021-01-06,Retail
641,Hiro Smith,hiro.smith641@example.com,08/25/2023,VIP
642,Diego Patel,diego.patel642@example.com,01/02/2022,Retail
643,Hiro Lee,hiro.lee643@example.com,05/24/2022,Wholesale
644,Ines Garcia,ines.garcia644@example.com,2024-03-16,VIP
645,Quinn Smith,quinn.smith645@example.com,2022-01-03,Loyalty
646,Maya Garcia,maya.garcia646@example.com,08/11/2023,VIP
647,Kira Garcia,kira.garcia647@example.com,2024-02-07,Wholesale
648,Liam Rossi,liam.rossi648@example.com,08/21/2022,
649,Xavier Harris,xavier.harris649@example.com,05/12/2022,Wholesale
650,Sam Taylor,sam.taylor650@example.com,2022-02-05,
651,Elena Khan,elena.khan651@example.com,2023-04-20,Retail
652,Rosa Chen,rosa.chen652@example.com,07/26/2024,Retail
653,Aisha Wilson,aisha.wilson653@example.com,2022-09-22,Retail
654,Quinn Muller,quinn.muller654@example.com,2023-05-10,Wholesale
655,Elena Silva,elena.silva655@example.com,2021-07-10,Retail
656,Chloe Thomas,chloe.thomas656@example.com,04/26/2023,VIP
657,Xavier Garcia,xavier.garcia657@example.com,2024-04-04,Retail
658,Uma Wilson,uma.wilson658@example.com,2021-06-03,
659,Noah Patel,noah.patel659@example.com,04/30/2022,VIP
660,Blake Lee,blake.lee660@example.com,03/16/2023,VIP
661,Omar Silva,omar.silva661@example.com,2022-04-24,Retail
662,Elena White,elena.white662@example.com,2021-08-12,Loyalty
663,Farid Anderson,farid.anderson663@example.com,08/13/2023,VIP
664,Deepa Jackson,deepa.jackson664@example.com,01/04/2023,Loyalty
665,Jack Anderson,jack.anderson665@example.com,2022-06-27,Retail
666,Farid Brown,farid.brown666@example.com,2024-05-20,Retail
667,Amelia Lee,amelia.lee667@example.com,2021-10-31,Retail
668,Liam Wilson,liam.wilson668@example.com,11/18/2023,Retail
669,Ines Kim,ines.kim669@example.com,03/05/2021,Wholesale
670,Rosa Jackson,rosa.jackson670@example.com,05/27/2022,Retail
671,Deepa Patel,deepa.patel671@example.com,2021-09-06,Retail
672,Amelia Muller,amelia.muller672@example.com,09/25/2021,Loyalty
673,Liam Garcia,liam.garcia673@example.com,04/07/2024,
674,Diego Garcia,diego.garcia674@example.com,2021-02-14,Retail
675,Chloe Anderson,chloe.anderson675@example.com,09/21/2021,Retail
676,Deepa Smith,deepa.smith676@example.com,2023-08-03,Retail
677,Diego White,diego.white677@example.com,06/07/2023,Wholesale
678,Aisha Wilson,aisha.wilson678@example.com,2024-10-31,Wholesale
679,Liam Rossi,liam.rossi679@example.com,01/19/2022,VIP
680,Omar Patel,omar.patel680@example.com,2021-03-12,
681,Uma Brown,uma.brown681@example.com,10/19/2023,Wholesale
682,Ben Garcia,ben.garcia682@example.com,2022-07-27,Wholesale
683,Noah Rossi,noah.rossi683@example.com,2024-08-09,
684,Uma Jackson,uma.jackson684@example.com,02/09/2021,Wholesale
685,Priya Jackson,priya.jackson685@example.com,09/20/2023,VIP
686,Maya Silva,maya.silva686@example.com,01/04/2022,Retail
687,Tara Muller,tara.muller687@example.com,2021-03-02,VIP
688,Zane Taylor,zane.taylor688@example.com,2023-12-21,VIP
689,Farid Nguyen,farid.nguyen689@example.com,05/23/2022,Loyalty
690,Rosa Smith,rosa.smith690@example.com,03/26/2022,
691,Liam Kim,liam.kim691@example.com,12/27/2021,Loyalty
692,Zane Chen,zane.chen692@example.com,04/26/2024,Retail
693,Sam White,sam.white693@example.com,2021-10-19,
694,Amelia Taylor,amelia.taylor694@example.com,2024-01-16,VIP
695,Priya Smith,priya.smith695@example.com,2021-07-04,Retail
696,Tara Muller,tara.muller696@example.com,02/10/2021,
697,Aisha Lee,aisha.lee697@example.com,2024-06-11,Loyalty
698,Kira Kim,kira.kim698@example.com,2022-10-25,Retail
699,Elena White,elena.white699@example.com,10/18/2021,Retail
700,Carlos Chen,carlos.chen700@example.com,2024-09-18,Wholesale
701,Kira Brown,kira.brown701@example.com,2022-10-23,Loyalty
702,Xavier Martinez,xavier.martinez702@example.com,08/02/2024,Wholesale
703,Farid Jackson,farid.jackson703@example.com,2024-06-10,VIP
704,Victor White,victor.white704@example.com,12/26/2021,Wholesale
705,Xavier Brown,xavier.brown705@example.com,2021-09-18,Loyalty
706,Wendy White,wendy.white706@example.com,2023-03-13,
707,Farid Harris,farid.harris707@example.com,2022-10-14,
708,Uma White,uma.white708@example.com,2021-08-02,Wholesale
709,Kira Garcia,kira.garcia709@example.com,05/03/2022,VIP
710,Farid Garcia,farid.garcia710@example.com,10/04/2024,VIP
711,Aisha Silva,aisha.silva711@example.com,2022-03-06,Loyalty
712,Liam Silva,liam.silva712@example.com,2021-08-10,Retail
713,Maya Anderson,maya.anderson713@example.com,05/10/2023,Loyalty
714,Priya Wilson,priya.wilson714@example.com,12/21/2022,
715,Deepa Taylor,deepa.taylor715@example.com,2024-03-29,Loyalty
716,Omar Garcia,omar.garcia716@example.com,2021-03-10,VIP
717,Kira Silva,kira.silva717@example.com,08/03/2021,Retail
718,Farid Wilson,farid.wilson718@example.com,2021-11-26,Retail
719,Kira Harris,kira.harris719@example.com,2024-06-10,Wholesale
720,Noah Kim,noah.kim720@example.com,2024-05-28,Wholesale
721,Ben Nguyen,ben.nguyen721@example.com,2022-11-10,Loyalty
722,Noah Jackson,noah.jackson722@example.com,01/12/2024,VIP
723,Jack Muller,jack.muller723@example.com,07/16/2021,Retail
724,Sam Jackson,sam.jackson724@example.com,2023-10-03,Loyalty
725,Liam Khan,liam.khan725@example.com,05/26/2023,Retail
726,Amelia Harris,amelia.harris726@example.com,2023-09-11,Loyalty
727,Aisha Rossi,aisha.rossi727@example.com,2021-12-16,VIP
728,Priya Nguyen,priya.nguyen728@example.com,09/24/2022,Wholesale
729,Priya Silva,priya.silva729@example.com,07/06/2021,
730,Farid Chen,farid.chen730@example.com,2023-02-21,VIP
731,Omar Smith,omar.smith731@example.com,06/24/2022,Wholesale
732,Ines Muller,ines.muller732@example.com,2022-07-05,
733,Elena Nguyen,elena.nguyen733@example.com,06/25/2021,VIP
734,Yara White,yara.white734@example.com,2022-04-11,
735,Amelia Wilson,amelia.wilson735@example.com,12/07/2023,Wholesale
736,Sam Muller,sam.muller736@example.com,2023-09-03,VIP
737,Maya Smith,maya.smith737@example.com,2023-10-26,
738,Deepa Anderson,deepa.anderson738@example.com,2021-12-21,Loyalty
739,Zane Rossi,zane.rossi739@example.com,09/16/2021,Retail
740,Carlos Martinez,carlos.martinez740@example.com,02/18/2022,Loyalty
741,Kira Garcia,kira.garcia741@example.com,06/28/2021,Wholesale
742,Rosa Lee,rosa.lee742@example.com,07/20/2022,
743,Diego Khan,diego.khan743@example.com,06/30/2024,
744,Deepa Martinez,deepa.martinez744@example.com,2021-11-03,Loyalty
745,Diego Nguyen,diego.nguyen745@example.com,02/27/2024,Retail
746,Blake Jackson,blake.jackson746@example.com,12/06/2022,Wholesale
747,Maya Taylor,maya.taylor747@example.com,03/17/2024,
748,Ben Kim,ben.kim748@example.com,2022-07-19,Wholesale
749,Tara Harris,tara.harris749@example.com,2024-10-26,Wholesale
750,Maya Lee,maya.lee750@example.com,05/02/2022,Retail
751,Diego Silva,diego.silva751@example.com,02/02/2023,Retail
752,Amelia Brown,amelia.brown752@example.com,09/29/2022,VIP
753,Blake Nguyen,blake.nguyen753@example.com,04/12/2022,Loyalty
754,Xavier Anderson,xavier.anderson754@example.com,10/20/2022,VIP
755,Tara Garcia,tara.garcia755@example.com,2022-01-20,Wholesale
756,Diego Martinez,diego.martinez756@example.com,09/20/2023,
757,Amelia Smith,amelia.smith757@example.com,2023-11-22,Loyalty
758,Jack Thomas,jack.thomas758@example.com,2023-04-07,Loyalty
759,Farid Rossi,farid.rossi759@example.com,2022-02-16,Retail
760,Ben Anderson,ben.anderson760@example.com,2021-04-14,VIP
761,Ines Chen,ines.chen761@example.com,08/09/2023,
762,Uma Nguyen,uma.nguyen762@example.com,2024-10-27,Retail
763,Liam Taylor,liam.taylor763@example.com,2024-05-01,Wholesale
764,Blake Taylor,blake.taylor764@example.com,04/16/2024,
765,Liam Kim,liam.kim765@example.com,06/14/2022,Retail
766,Aisha Wilson,aisha.wilson766@example.com,2021-04-12,Loyalty
767,Blake Muller,blake.muller767@example.com,2024-08-18,Loyalty
768,Ines Martinez,ines.martinez768@example.com,2023-11-18,Retail
769,Priya Patel,priya.patel769@example.com,2024-08-18,Loyalty
770,Hiro Silva,hiro.silva770@example.com,05/30/2024,VIP
771,Noah Wilson,noah.wilson771@example.com,12/16/2022,Wholesale
772,Grace Anderson,grace.anderson772@example.com,09/11/2022,
773,Sam Nguyen,sam.nguyen773@example.com,01/16/2021,
774,Rosa Harris,rosa.harris774@example.com,06/01/2024,VIP
775,Victor Nguyen,victor.nguyen775@example.com,09/14/2023,Retail
776,Ines Lee,ines.lee776@example.com,07/22/2022,VIP
777,Grace Patel,grace.patel777@example.com,2023-11-26,Loyalty
778,Zane Harris,zane.harris778@example.com,2023-04-08,VIP
779,Xavier Khan,xavier.khan779@example.com,09/04/2024,Wholesale
780,Ines Martinez,ines.martinez780@example.com,2023-04-09,Wholesale
781,Sam White,sam.white781@example.com,2022-01-24,VIP
782,Victor Jackson,victor.jackson782@example.com,07/31/2024,Wholesale
783,Quinn Brown,quinn.brown783@example.com,2021-12-15,
784,Jack Nguyen,jack.nguyen784@example.com,08/23/2023,Loyalty
785,Xavier Jackson,xavier.jackson785@example.com,2022-01-10,VIP
786,Hiro Chen,hiro.chen786@example.com,04/03/2022,VIP
787,Zane Lee,zane.lee787@example.com,02/01/2023,VIP
788,Omar Nguyen,omar.nguyen788@example.com,2023-08-22,Retail
789,Priya Rossi,priya.rossi789@example.com,10/22/2023,Retail
790,Quinn Brown,quinn.brown790@example.com,2023-04-27,Retail
791,Elena Rossi,elena.rossi791@example.com,12/03/2022,Wholesale
792,Elena Lee,elena.lee792@example.com,01/05/2022,Retail
793,Kira Kim,kira.kim793@example.com,2022-10-04,Retail
794,Omar Silva,omar.silva794@example.com,2022-03-05,Loyalty
795,Priya Garcia,priya.garcia795@example.com,09/23/2021,
796,Uma Martinez,uma.martinez796@example.com,04/07/2023,Wholesale
797,Maya Khan,maya.khan797@example.com,2021-03-19,
798,Xavier Chen,xavier.chen798@example.com,2021-01-29,VIP
799,Aisha Khan,aisha.khan799@example.com,2024-07-07,Loyalty
800,Wendy Chen,wendy.chen800@example.com,2022-10-02,Loyalty
801,Maya Thomas,maya.thomas801@example.com,2024-04-20,VIP
802,Carlos Smith,carlos.smith802@example.com,09/03/2022,VIP
803,Xavier Thomas,xavier.thomas803@example.com,05/06/2024,
804,Noah Patel,noah.patel804@example.com,12/03/2022,Wholesale
805,Yara Rossi,yara.rossi805@example.com,2021-12-04,Wholesale
806,Hiro Muller,hiro.muller806@example.com,2021-09-26,Loyalty
807,Sam Thomas,sam.thomas807@example.com,12/13/2021,Retail
808,Wendy Smith,wendy.smith808@example.com,2023-02-08,VIP
809,Tara Smith,tara.smith809@example.com,2024-09-17,Retail
810,Ben Nguyen,ben.nguyen810@example.com,05/04/2023,Wholesale
811,Deepa Jackson,deepa.jackson811@example.com,2022-06-02,Wholesale
812,Grace Khan,grace.khan812@example.com,2022-09-09,Wholesale
813,Victor Thomas,victor.thomas813@example.com,2022-07-07,
814,Noah Nguyen,noah.nguyen814@example.com,2023-11-14,
815,Jack Nguyen,jack.nguyen815@example.com,2021-08-06,Wholesale
816,Tara Rossi,tara.rossi816@example.com,2022-06-23,
817,Liam Martinez,liam.martinez817@example.com,2022-08-28,Loyalty
818,Rosa Taylor,rosa.taylor818@example.com,03/02/2022,Wholesale
819,Hiro Khan,hiro.khan819@example.com,2021-01-27,Retail
820,Amelia White,amelia.white820@example.com,2024-10-02,Wholesale
821,Carlos Thomas,carlos.thomas821@example.com,06/03/2021,Retail
822,Uma Muller,uma.muller822@example.com,07/25/2023,VIP
823,Omar Smith,omar.smith823@example.com,2021-07-24,Loyalty
824,Blake Brown,blake.brown824@example.com,01/08/2023,VIP
825,Xavier Nguyen,xavier.nguyen825@example.com,2021-07-14,Retail
826,Blake Patel,blake.patel826@example.com,09/20/2024,Loyalty
827,Liam Anderson,liam.anderson827@example.com,2024-06-27,VIP
828,Liam Lee,liam.lee828@example.com,01/10/2022,Retail
829,Maya Anderson,maya.anderson829@example.com,07/11/2022,Wholesale
830,Zane Martinez,zane.martinez830@example.com,2024-08-21,Loyalty
831,Elena Smith,elena.smith831@example.com,11/23/2021,Retail
832,Diego White,diego.white832@example.com,09/16/2023,
833,Farid Harris,farid.harris833@example.com,2023-02-17,VIP
834,Blake Patel,blake.patel834@example.com,2023-09-17,Wholesale
835,Chloe Martinez,chloe.martinez835@example.com,2023-06-22,Retail
836,Ines Lee,ines.lee836@example.com,2021-01-26,
837,Victor Lee,victor.lee837@example.com,2023-11-30,
838,Noah Muller,noah.muller838@example.com,09/14/2023,VIP
839,Elena Jackson,elena.jackson839@example.com,2024-06-09,Retail
840,Uma Kim,uma.kim840@example.com,11/02/2023,Wholesale
841,Blake Kim,blake.kim841@example.com,06/03/2021,Wholesale
842,Hiro Lee,hiro.lee842@example.com,2022-07-24,Retail
843,Rosa Wilson,rosa.wilson843@example.com,2023-04-06,Loyalty
844,Omar Anderson,omar.anderson844@example.com,2024-03-19,Wholesale
845,Blake Taylor,blake.taylor845@example.com,2023-07-05,VIP
846,Priya Khan,priya.khan846@example.com,07/30/2021,Wholesale
847,Ben Jackson,ben.jackson847@example.com,2024-01-30,Retail
848,Zane Harris,zane.harris848@example.com,2024-06-21,VIP
849,Uma Anderson,uma.anderson849@example.com,2022-11-30,VIP
850,Amelia Muller,amelia.muller850@example.com,07/20/2023,VIP
851,Wendy Chen,wendy.chen851@example.com,2023-07-16,Retail
852,Yara Muller,yara.muller852@example.com,01/05/2021,VIP
853,Amelia Brown,amelia.brown853@example.com,01/27/2024,
854,Wendy Nguyen,wendy.nguyen854@example.com,04/04/2021,Loyalty
855,Elena Martinez,elena.martinez855@example.com,2021-08-08,VIP
856,Grace Nguyen,grace.nguyen856@example.com,03/16/2023,Loyalty
857,Amelia Rossi,amelia.rossi857@example.com,11/24/2022,Retail
858,Ben White,ben.white858@example.com,09/10/2021,Wholesale
859,Victor White,victor.white859@example.com,10/30/2023,Loyalty
860,Aisha Thomas,aisha.thomas860@example.com,04/10/2021,
861,Amelia White,amelia.white861@example.com,2023-09-17,
862,Wendy White,wendy.white862@example.com,2021-12-22,Loyalty
863,Maya Harris,maya.harris863@example.com,05/26/2024,VIP
864,Noah Harris,noah.harris864@example.com,05/24/2022,VIP
865,Kira Brown,kira.brown865@example.com,2023-07-17,Loyalty
866,Noah Harris,noah.harris866@example.com,11/16/2023,VIP
867,Wendy Jackson,wendy.jackson867@example.com,2024-07-19,Loyalty
868,Grace Harris,grace.harris868@example.com,2022-08-19,VIP
869,Wendy Kim,wendy.kim869@example.com,10/29/2023,
870,Wendy Nguyen,wendy.nguyen870@example.com,12/23/2022,
871,Sam White,sam.white871@example.com,09/28/2024,Wholesale
872,Chloe Martinez,chloe.martinez872@example.com,2021-01-27,
873,Aisha Wilson,aisha.wilson873@example.com,2021-10-25,Retail
874,Grace Silva,grace.silva874@example.com,11/26/2021,VIP
875,Elena Smith,elena.smith875@example.com,2022-08-28,Loyalty
876,Liam Anderson,liam.anderson876@example.com,2021-07-29,
877,Xavier Jackson,xavier.jackson877@example.com,03/08/2023,Loyalty
878,Wendy Smith,wendy.smith878@example.com,02/21/2023,Wholesale
879,Zane Lee,zane.lee879@example.com,2024-02-05,Retail
880,Xavier Silva,xavier.silva880@example.com,02/20/2022,
881,Amelia Muller,amelia.muller881@example.com,2024-07-21,VIP
882,Yara Rossi,yara.rossi882@example.com,2022-08-26,Wholesale
883,Victor Garcia,victor.garcia883@example.com,2022-01-18,Loyalty
884,Maya Smith,maya.smith884@example.com,05/28/2023,VIP
885,Elena Kim,elena.kim885@example.com,2024-04-11,VIP
886,Kira Anderson,kira.anderson886@example.com,2021-11-14,Retail
887,Diego Lee,diego.lee887@example.com,05/07/2024,Retail
888,Priya White,priya.white888@example.com,2024-02-01,VIP
889,Zane Lee,zane.lee889@example.com,2023-12-13,Loyalty
890,Quinn Garcia,quinn.garcia890@example.com,11/01/2023,Loyalty
891,Rosa Jackson,rosa.jackson891@example.com,04/07/2023,Retail
892,Hiro Rossi,hiro.rossi892@example.com,09/20/2024,VIP
893,Liam Brown,liam.brown893@example.com,03/24/2022,
894,Rosa Khan,rosa.khan894@example.com,08/23/2021,VIP
895,Hiro Harris,hiro.harris895@example.com,2024-06-26,Loyalty
896,Victor Lee,victor.lee896@example.com,02/21/2023,Retail
897,Ines Jackson,ines.jackson897@example.com,08/03/2022,Retail
898,Quinn Thomas,quinn.thomas898@example.com,2023-07-02,Wholesale
899,Jack Rossi,jack.rossi899@example.com,2022-10-19,
900,Deepa Kim,deepa.kim900@example.com,2024-01-07,
901,Uma Garcia,uma.garcia901@example.com,03/08/2022,Loyalty
902,Amelia Nguyen,amelia.nguyen902@example.com,02/26/2022,
903,Uma Garcia,uma.garcia903@example.com,11/11/2021,Retail
904,Wendy Lee,wendy.lee904@example.com,2021-03-19,Retail
905,Ben Kim,ben.kim905@example.com,2022-05-31,
906,Sam Muller,sam.muller906@example.com,06/14/2022,Wholesale
907,Omar Wilson,omar.wilson907@example.com,2023-06-06,VIP
908,Maya Nguyen,maya.nguyen908@example.com,2024-01-01,Retail
909,Yara White,yara.white909@example.com,04/04/2021,Retail
910,Diego Thomas,diego.thomas910@example.com,08/06/2021,VIP
911,Tara Garcia,tara.garcia911@example.com,07/31/2022,Wholesale
912,Maya Khan,maya.khan912@example.com,2023-08-29,Loyalty
913,Elena Wilson,elena.wilson913@example.com,2024-01-23,VIP
914,Jack Chen,jack.chen914@example.com,2021-01-23,
915,Deepa Smith,deepa.smith915@example.com,01/11/2021,
916,Rosa Jackson,rosa.jackson916@example.com,2021-06-24,VIP
917,Xavier Chen,xavier.chen917@example.com,2022-03-10,Wholesale
918,Farid Kim,farid.kim918@example.com,03/29/2022,
919,Grace Nguyen,grace.nguyen919@example.com,2022-01-07,
920,Blake Jackson,blake.jackson920@example.com,2023-08-03,
921,Jack Garcia,jack.garcia921@example.com,2022-05-29,Retail
922,Xavier White,xavier.white922@example.com,09/25/2023,VIP
923,Elena Muller,elena.muller923@example.com,2021-07-24,VIP
924,Chloe Rossi,chloe.rossi924@example.com,10/13/2022,Wholesale
925,Kira Harris,kira.harris925@example.com,2024-09-12,VIP
926,Sam White,sam.white926@example.com,01/17/2023,VIP
927,Farid Khan,farid.khan927@example.com,2022-10-04,Loyalty
928,Wendy Martinez,wendy.martinez928@example.com,2022-07-21,VIP
929,Victor Lee,victor.lee929@example.com,09/10/2023,Wholesale
930,Liam Brown,liam.brown930@example.com,2023-09-25,
931,Farid Harris,farid.harris931@example.com,2021-06-17,VIP
932,Chloe Jackson,chloe.jackson932@example.com,2022-02-07,VIP
933,Xavier Garcia,xavier.garcia933@example.com,2021-02-08,
934,Amelia White,amelia.white934@example.com,2024-03-31,Wholesale
935,Diego Smith,diego.smith935@example.com,02/04/2024,VIP
936,Uma Patel,uma.patel936@example.com,2023-01-20,Wholesale
937,Chloe White,chloe.white937@example.com,08/19/2022,Loyalty
938,Quinn Thomas,quinn.thomas938@example.com,07/05/2021,Wholesale
939,Quinn Khan,quinn.khan939@example.com,2024-09-19,Loyalty
940,Yara Thomas,yara.thomas940@example.com,2021-10-15,Wholesale
941,Farid White,farid.white941@example.com,03/04/2024,Loyalty
942,Liam Smith,liam.smith942@example.com,2022-03-25,Wholesale
943,Carlos Silva,carlos.silva943@example.com,2023-01-27,Loyalty
944,Victor Rossi,victor.rossi944@example.com,11/27/2023,VIP
945,Priya Anderson,priya.anderson945@example.com,04/06/2021,Retail
946,Deepa Thomas,deepa.thomas946@example.com,07/21/2024,VIP
947,Sam Jackson,sam.jackson947@example.com,03/13/2024,Loyalty
948,Uma Wilson,uma.wilson948@example.com,2023-01-19,
949,Quinn Silva,quinn.silva949@example.com,02/10/2023,Loyalty
950,Liam Chen,liam.chen950@example.com,2023-09-25,Wholesale
951,Quinn Patel,quinn.patel951@example.com,2023-06-20,Loyalty
952,Carlos Thomas,carlos.thomas952@example.com,2024-08-10,VIP
953,Elena Kim,elena.kim953@example.com,2021-11-19,VIP
954,Victor Muller,victor.muller954@example.com,2023-04-30,VIP
955,Priya Taylor,priya.taylor955@example.com,2023-09-09,Loyalty
956,Uma Martinez,uma.martinez956@example.com,2021-02-15,Loyalty
957,Elena White,elena.white957@example.com,2024-04-28,Loyalty
958,Uma Thomas,uma.thomas958@example.com,2021-03-22,
959,Ben Kim,ben.kim959@example.com,06/13/2022,Loyalty
960,Tara White,tara.white960@example.com,07/29/2024,Retail
961,Carlos Rossi,carlos.rossi961@example.com,07/09/2023,
962,Blake Taylor,blake.taylor962@example.com,12/16/2021,Loyalty
963,Tara Patel,tara.patel963@example.com,04/08/2024,Loyalty
964,Farid Lee,farid.lee964@example.com,2023-07-18,
965,Hiro Wilson,hiro.wilson965@example.com,2023-03-01,Loyalty
966,Aisha Rossi,aisha.rossi966@example.com,12/07/2023,
967,Amelia Patel,amelia.patel967@example.com,2024-05-25,Retail
968,Priya Harris,priya.harris968@example.com,2024-05-13,Retail
969,Carlos Taylor,carlos.taylor969@example.com,2024-09-12,Loyalty
970,Chloe Martinez,chloe.martinez970@example.com,12/06/2023,Wholesale
971,Blake Smith,blake.smith971@example.com,2023-12-22,Wholesale
972,Zane Taylor,zane.taylor972@example.com,2023-02-20,VIP
973,Noah Patel,noah.patel973@example.com,2022-06-06,Wholesale
974,Diego Garcia,diego.garcia974@example.com,08/04/2022,
975,Ines Rossi,ines.rossi975@example.com,2021-01-12,Retail
976,Quinn Khan,quinn.khan976@example.com,02/08/2023,Loyalty
977,Noah Chen,noah.chen977@example.com,08/07/2021,Loyalty
978,Uma White,uma.white978@example.com,06/04/2022,VIP
979,Sam Chen,sam.chen979@example.com,06/07/2024,VIP
980,Yara Rossi,yara.rossi980@example.com,04/27/2023,
981,Farid Chen,farid.chen981@example.com,02/20/2024,
982,Ines Brown,ines.brown982@example.com,03/29/2024,VIP
983,Xavier Patel,xavier.patel983@example.com,2024-09-12,Retail
984,Omar Kim,omar.kim984@example.com,07/25/2021,Loyalty
985,Zane Lee,zane.lee985@example.com,2024-02-02,
986,Farid Wilson,farid.wilson986@example.com,2024-07-26,Retail
987,Amelia Patel,amelia.patel987@example.com,08/24/2023,
988,Carlos Garcia,carlos.garcia988@example.com,06/23/2022,Loyalty
989,Carlos Harris,carlos.harris989@example.com,03/19/2021,Wholesale
990,Tara Thomas,tara.thomas990@example.com,2022-08-10,
991,Yara Kim,yara.kim991@example.com,08/04/2024,Wholesale
992,Aisha Rossi,aisha.rossi992@example.com,09/07/2024,
993,Grace Smith,grace.smith993@example.com,2024-05-12,
994,Tara Kim,tara.kim994@example.com,10/12/2024,Retail
995,Hiro Khan,hiro.khan995@example.com,11/19/2021,Retail
996,Yara Wilson,yara.wilson996@example.com,12/25/2022,Wholesale
997,Sam Rossi,sam.rossi997@example.com,2023-11-27,Retail
998,Diego Garcia,diego.garcia998@example.com,01/31/2024,VIP
999,Liam Silva,liam.silva999@example.com,2022-04-09,
1000,Omar Wilson,omar.wilson1000@example.com,03/23/2024,Retail
1001,Farid Martinez,farid.martinez1001@example.com,2023-11-03,Retail
1002,Quinn Brown,quinn.brown1002@example.com,11/28/2022,Retail
1003,Chloe Jackson,chloe.jackson1003@example.com,03/23/2024,VIP
1004,Maya White,maya.white1004@example.com,09/18/2023,Loyalty
1005,Yara Anderson,yara.anderson1005@example.com,2024-10-27,Wholesale
1006,Priya Nguyen,priya.nguyen1006@example.com,06/13/2022,Retail
1007,Uma Muller,uma.muller1007@example.com,10/18/2024,Loyalty
1008,Noah Chen,noah.chen1008@example.com,2023-11-24,
1009,Wendy Silva,wendy.silva1009@example.com,2022-05-24,VIP
1010,Maya Lee,maya.lee1010@example.com,2021-06-05,
1011,Priya Lee,priya.lee1011@example.com,12/26/2022,Loyalty
1012,Farid Rossi,farid.rossi1012@example.com,2023-10-19,Loyalty
1013,Xavier Muller,xavier.muller1013@example.com,2022-06-28,Loyalty
1014,Grace Muller,grace.muller1014@example.com,2024-06-20,VIP
1015,Yara Nguyen,yara.nguyen1015@example.com,09/03/2021,Retail
1016,Tara Khan,tara.khan1016@example.com,01/14/2024,Retail
1017,Liam Harris,liam.harris1017@example.com,10/08/2022,Wholesale
1018,Priya Kim,priya.kim1018@example.com,11/13/2023,VIP
1019,Hiro White,hiro.white1019@example.com,09/20/2021,Retail
1020,Priya Jackson,priya.jackson1020@example.com,03/08/2021,
1021,Maya Kim,maya.kim1021@example.com,07/26/2023,Retail
1022,Kira Khan,kira.khan1022@example.com,01/25/2021,Loyalty
1023,Sam Nguyen,sam.nguyen1023@example.com,10/29/2022,VIP
1024,Farid Jackson,farid.jackson1024@example.com,06/23/2022,Loyalty
1025,Priya Harris,priya.harris1025@example.com,2022-12-04,VIP
1026,Priya Martinez,priya.martinez1026@example.com,03/08/2022,Wholesale
1027,Liam Wilson,liam.wilson1027@example.com,2022-07-27,Wholesale
1028,Sam Patel,sam.patel1028@example.com,2024-03-25,Loyalty
1029,Xavier Silva,xavier.silva1029@example.com,04/28/2022,
1030,Blake Wilson,blake.wilson1030@example.com,2022-02-06,Loyalty
1031,Priya Khan,priya.khan1031@example.com,12/28/2021,Wholesale
1032,Elena Thomas,elena.thomas1032@example.com,12/30/2023,VIP
1033,Jack Silva,jack.silva1033@example.com,2024-02-26,
1034,Maya Nguyen,maya.nguyen1034@example.com,2021-12-01,Retail
1035,Amelia Silva,amelia.silva1035@example.com,09/03/2023,Retail
1036,Xavier Lee,xavier.lee1036@example.com,06/17/2022,VIP
1037,Rosa Jackson,rosa.jackson1037@example.com,2022-06-12,VIP
1038,Noah Nguyen,noah.nguyen1038@example.com,2022-12-21,
1039,Sam White,sam.white1039@example.com,2024-08-23,
1040,Yara Brown,yara.brown1040@example.com,12/29/2022,VIP
1041,Yara Anderson,yara.anderson1041@example.com,06/10/2021,Wholesale
1042,Omar Patel,omar.patel1042@example.com,12/10/2021,VIP
1043,Uma Harris,uma.harris1043@example.com,2024-03-16,Wholesale
1044,Carlos Kim,carlos.kim1044@example.com,12/05/2022,Loyalty
1045,Kira Brown,kira.brown1045@example.com,07/02/2022,
1046,Ines Anderson,ines.anderson1046@example.com,01/14/2023,
1047,Noah Kim,noah.kim1047@example.com,2022-01-12,Retail
1048,Xavier Muller,xavier.muller1048@example.com,2024-09-17,VIP
1049,Grace Kim,grace.kim1049@example.com,2023-03-25,Retail
1050,Carlos Taylor,carlos.taylor1050@example.com,2024-01-29,Retail
1051,Yara Wilson,yara.wilson1051@example.com,2023-12-10,Retail
1052,Ines Harris,ines.harris1052@example.com,11/15/2021,Retail
1053,Jack Muller,jack.muller1053@example.com,05/22/2022,VIP
1054,Uma Patel,uma.patel1054@example.com,2021-09-26,
1055,Aisha Smith,aisha.smith1055@example.com,09/20/2024,VIP
1056,Blake Taylor,blake.taylor1056@example.com,08/15/2023,
1057,Rosa Anderson,rosa.anderson1057@example.com,2021-10-04,
1058,Sam Harris,sam.harris1058@example.com,07/25/2023,
1059,Quinn Jackson,quinn.jackson1059@example.com,09/27/2022,VIP
1060,Rosa Muller,rosa.muller1060@example.com,07/03/2021,Wholesale
1061,Liam Martinez,liam.martinez1061@example.com,06/17/2022,Loyalty
1062,Aisha Khan,aisha.khan1062@example.com,12/08/2023,Loyalty
1063,Jack Taylor,jack.taylor1063@example.com,01/01/2024,Retail
1064,Yara Taylor,yara.taylor1064@example.com,09/06/2022,Retail
1065,Zane Brown,zane.brown1065@example.com,2024-05-07,Loyalty
1066,Rosa Chen,rosa.chen1066@example.com,01/22/2022,Wholesale
1067,Maya Muller,maya.muller1067@example.com,12/01/2021,Wholesale
1068,Hiro Silva,hiro.silva1068@example.com,2021-06-12,Wholesale
1069,Quinn Harris,quinn.harris1069@example.com,07/11/2022,VIP
1070,Noah Rossi,noah.rossi1070@example.com,2021-05-21,Loyalty
1071,Jack Nguyen,jack.nguyen1071@example.com,07/28/2024,Wholesale
1072,Ines Harris,ines.harris1072@example.com,10/05/2023,Loyalty
1073,Aisha Patel,aisha.patel1073@example.com,2021-04-12,
1074,Farid Nguyen,farid.nguyen1074@example.com,2022-08-01,VIP
1075,Wendy Anderson,wendy.anderson1075@example.com,2021-01-17,Loyalty
1076,Elena Khan,elena.khan1076@example.com,10/08/2023,Loyalty
1077,Noah Brown,noah.brown1077@example.com,10/18/2023,VIP
1078,Wendy Smith,wendy.smith1078@example.com,2022-11-08,Retail
1079,Ben Silva,ben.silva1079@example.com,03/15/2023,Retail
1080,Farid Rossi,farid.rossi1080@example.com,2022-05-28,Wholesale
1081,Deepa Muller,deepa.muller1081@example.com,2023-02-28,Wholesale
1082,Xavier Smith,xavier.smith1082@example.com,2022-02-12,Wholesale
1083,Quinn Rossi,quinn.rossi1083@example.com,08/27/2023,Wholesale
1084,Diego Lee,diego.lee1084@example.com,2021-11-21,Retail
1085,Ines Taylor,ines.taylor1085@example.com,2024-07-31,VIP
1086,Liam Smith,liam.smith1086@example.com,2024-09-27,Loyalty
1087,Hiro Martinez,hiro.martinez1087@example.com,2022-10-27,Retail
1088,Zane Silva,zane.silva1088@example.com,04/12/2024,Retail
1089,Zane Muller,zane.muller1089@example.com,01/19/2021,Retail
1090,Wendy Harris,wendy.harris1090@example.com,2021-11-14,VIP
1091,Hiro Kim,hiro.kim1091@example.com,10/21/2023,Retail
1092,Diego Smith,diego.smith1092@example.com,2021-05-03,VIP
1093,Wendy Jackson,wendy.jackson1093@example.com,08/08/2021,Loyalty
1094,Hiro Lee,hiro.lee1094@example.com,02/18/2024,VIP
1095,Xavier Rossi,xavier.rossi1095@example.com,02/13/2021,Wholesale
1096,Xavier Patel,xavier.patel1096@example.com,05/29/2022,Retail
1097,Wendy Anderson,wendy.anderson1097@example.com,02/19/2024,VIP
1098,Grace White,grace.white1098@example.com,01/18/2022,
1099,Kira Anderson,kira.anderson1099@example.com,2022-07-18,
1100,Carlos Thomas,carlos.thomas1100@example.com,11/14/2021,Wholesale
1101,Amelia Silva,amelia.silva1101@example.com,01/15/2024,VIP
1102,Aisha Thomas,aisha.thomas1102@example.com,2023-02-16,Loyalty
1103,Tara Chen,tara.chen1103@example.com,06/24/2024,Loyalty
1104,Xavier Garcia,xavier.garcia1104@example.com,09/10/2024,
1105,Grace Thomas,grace.thomas1105@example.com,2024-10-31,Wholesale
1106,Tara Brown,tara.brown1106@example.com,10/23/2022,Wholesale
1107,Deepa Nguyen,deepa.nguyen1107@example.com,2023-12-08,Retail
1108,Amelia Patel,amelia.patel1108@example.com,2022-01-01,Retail
1109,Deepa Taylor,deepa.taylor1109@example.com,2022-01-28,Retail
1110,Sam Wilson,sam.wilson1110@example.com,09/09/2024,Wholesale
1111,Ben Chen,ben.chen1111@example.com,2022-03-29,
1112,Aisha Rossi,aisha.rossi1112@example.com,2024-09-04,Wholesale
1113,Omar Smith,omar.smith1113@example.com,01/10/2023,
1114,Amelia Chen,amelia.chen1114@example.com,04/30/2021,
1115,Quinn Smith,quinn.smith1115@example.com,2021-05-25,VIP
1116,Grace Thomas,grace.thomas1116@example.com,2021-07-18,Retail
1117,Rosa Wilson,rosa.wilson1117@example.com,2022-01-24,Loyalty
1118,Sam Kim,sam.kim1118@example.com,02/18/2024,
1119,Xavier Nguyen,xavier.nguyen1119@example.com,07/31/2024,
1120,Victor Anderson,victor.anderson1120@example.com,2024-09-24,Wholesale
1121,Farid Kim,farid.kim1121@example.com,02/01/2024,Wholesale
1122,Victor Kim,victor.kim1122@example.com,12/30/2023,
1123,Diego Chen,diego.chen1123@example.com,10/08/2022,
1124,Blake Chen,blake.chen1124@example.com,04/25/2023,Wholesale
1125,Tara Muller,tara.muller1125@example.com,2024-02-28,
1126,Maya Jackson,maya.jackson1126@example.com,06/05/2022,VIP
1127,Omar Wilson,omar.wilson1127@example.com,01/01/2021,Retail
1128,Tara Khan,tara.khan1128@example.com,11/27/2023,Loyalty
1129,Aisha Brown,aisha.brown1129@example.com,03/31/2022,Loyalty
1130,Aisha Silva,aisha.silva1130@example.com,2024-02-08,
1131,Deepa Smith,deepa.smith1131@example.com,2023-08-01,VIP
1132,Elena Silva,elena.silva1132@example.com,2023-01-22,
1133,Hiro Silva,hiro.silva1133@example.com,09/08/2022,Retail
1134,Sam Rossi,sam.rossi1134@example.com,06/08/2021,VIP
1135,Farid Taylor,farid.taylor1135@example.com,03/26/2024,Retail
1136,Ben White,ben.white1136@example.com,2023-02-21,Retail
1137,Diego Lee,diego.lee1137@example.com,12/14/2022,Wholesale
1138,Diego Nguyen,diego.nguyen1138@example.com,2022-04-10,
1139,Uma Wilson,uma.wilson1139@example.com,2021-04-21,VIP
1140,Kira Jackson,kira.jackson1140@example.com,03/02/2024,Loyalty
1141,Quinn Muller,quinn.muller1141@example.com,11/10/2021,Retail
1142,Omar Harris,omar.harris1142@example.com,2024-03-24,
1143,Hiro Martinez,hiro.martinez1143@example.com,2022-08-17,Wholesale
1144,Elena Lee,elena.lee1144@example.com,2021-06-19,Wholesale
1145,Rosa Wilson,rosa.wilson1145@example.com,06/22/2022,Retail
1146,Quinn Martinez,quinn.martinez1146@example.com,09/25/2021,Loyalty
1147,Rosa Rossi,rosa.rossi1147@example.com,2023-09-27,Wholesale
1148,Rosa Harris,rosa.harris1148@example.com,2023-12-10,Loyalty
1149,Carlos Silva,carlos.silva1149@example.com,2023-05-31,VIP
1150,Deepa Martinez,deepa.martinez1150@example.com,05/18/2023,VIP
1151,Grace Lee,grace.lee1151@example.com,2022-12-07,
1152,Yara Brown,yara.brown1152@example.com,12/13/2021,VIP
1153,Tara Patel,tara.patel1153@example.com,2023-06-22,Retail
1154,Grace Chen,grace.chen1154@example.com,2021-11-16,Retail
1155,Xavier Smith,xavier.smith1155@example.com,2022-05-13,
1156,Blake Brown,blake.brown1156@example.com,2021-01-29,VIP
1157,Jack Anderson,jack.anderson1157@example.com,08/23/2023,Retail
1158,Grace Jackson,grace.jackson1158@example.com,03/10/2022,Loyalty
1159,Rosa Taylor,rosa.taylor1159@example.com,2024-06-29,Loyalty
1160,Maya White,maya.white1160@example.com,2024-09-20,
1161,Ines Kim,ines.kim1161@example.com,2021-05-04,VIP
1162,Zane Harris,zane.harris1162@example.com,07/10/2022,Retail
1163,Uma Khan,uma.khan1163@example.com,05/17/2021,Wholesale
1164,Victor Chen,victor.chen1164@example.com,08/09/2021,Retail
1165,Blake Wilson,blake.wilson1165@example.com,2022-04-19,Wholesale
1166,Chloe Lee,chloe.lee1166@example.com,2023-09-20,
1167,Farid Rossi,farid.rossi1167@example.com,2023-10-23,Wholesale
1168,Ben Muller,ben.muller1168@example.com,12/21/2023,VIP
1169,Priya Wilson,priya.wilson1169@example.com,11/18/2021,Retail
1170,Victor Chen,victor.chen1170@example.com,2022-12-29,VIP
1171,Quinn Silva,quinn.silva1171@example.com,05/07/2021,VIP
1172,Chloe Khan,chloe.khan1172@example.com,2024-02-11,VIP
1173,Elena Lee,elena.lee1173@example.com,2023-03-16,Loyalty
1174,Xavier Wilson,xavier.wilson1174@example.com,2023-12-03,
1175,Noah Muller,noah.muller1175@example.com,03/19/2024,Loyalty
1176,Jack Harris,jack.harris1176@example.com,2022-11-06,Wholesale
1177,Grace Patel,grace.patel1177@example.com,2024-04-04,
1178,Blake Patel,blake.patel1178@example.com,2022-09-25,
1179,Noah Patel,noah.patel1179@example.com,2024-09-05,
1180,Kira Garcia,kira.garcia1180@example.com,2024-02-16,
1181,Farid Lee,farid.lee1181@example.com,10/26/2021,Retail
1182,Chloe Martinez,chloe.martinez1182@example.com,04/23/2023,VIP
1183,Xavier Silva,xavier.silva1183@example.com,2021-11-08,Loyalty
1184,Elena Kim,elena.kim1184@example.com,02/23/2021,
1185,Tara White,tara.white1185@example.com,2024-06-08,Loyalty
1186,Hiro Khan,hiro.khan1186@example.com,01/06/2023,Retail
1187,Elena Thomas,elena.thomas1187@example.com,05/23/2024,Wholesale
1188,Farid Wilson,farid.wilson1188@example.com,2023-10-04,Wholesale
1189,Farid Rossi,farid.rossi1189@example.com,04/09/2022,Retail
1190,Yara Khan,yara.khan1190@example.com,2022-07-07,Wholesale
1191,Xavier Rossi,xavier.rossi1191@example.com,2022-02-23,Retail
1192,Diego Anderson,diego.anderson1192@example.com,06/17/2024,Wholesale
1193,Blake Anderson,blake.anderson1193@example.com,05/21/2022,Wholesale
1194,Yara Smith,yara.smith1194@example.com,05/30/2024,Wholesale
1195,Maya Harris,maya.harris1195@example.com,2024-03-17,
1196,Quinn Nguyen,quinn.nguyen1196@example.com,2023-07-14,Wholesale
1197,Chloe Muller,chloe.muller1197@example.com,11/29/2023,
1198,Xavier Smith,xavier.smith1198@example.com,2024-02-17,Wholesale
1199,Grace Brown,grace.brown1199@example.com,06/20/2023,Wholesale
1200,Yara Brown,yara.brown1200@example.com,08/03/2023,Loyalty
